line_no	time	level	event	op_id	attempt	message
1	2026-05-24T18:47:05-04:00	info	workflow_created		0	workflow created
2	2026-05-24T18:47:05-04:00	info	workflow_updated		0	workflow status updated
4	2026-05-24T18:47:05-04:00	info	op_leased	discover-pages	1	leased op
5	2026-05-24T18:47:05-04:00	info	op_succeeded	discover-pages	1	op succeeded
7	2026-05-24T18:47:05-04:00	info	op_leased	ocr-page-001	1	leased op
40	2026-05-24T18:47:11-04:00	info	op_succeeded	ocr-page-001	1	op succeeded
41	2026-05-24T18:47:11-04:00	info	op_leased	ocr-page-002	1	leased op
58	2026-05-24T18:47:14-04:00	info	op_succeeded	ocr-page-002	1	op succeeded
60	2026-05-24T18:47:14-04:00	info	op_leased	ocr-page-003	1	leased op
242	2026-05-24T18:47:19-04:00	info	op_succeeded	ocr-page-003	1	op succeeded
243	2026-05-24T18:47:19-04:00	info	op_leased	ocr-page-004	1	leased op
601	2026-05-24T18:47:31-04:00	info	op_succeeded	ocr-page-004	1	op succeeded
603	2026-05-24T18:47:31-04:00	info	op_leased	ocr-page-005	1	leased op
789	2026-05-24T18:47:36-04:00	info	op_succeeded	ocr-page-005	1	op succeeded
790	2026-05-24T18:47:36-04:00	info	op_leased	ocr-page-006	1	leased op
1133	2026-05-24T18:47:46-04:00	info	op_succeeded	ocr-page-006	1	op succeeded
1135	2026-05-24T18:47:46-04:00	info	op_leased	ocr-page-007	1	leased op
1142	2026-05-24T18:47:47-04:00	info	op_retried	ocr-page-007	1	op scheduled for retry at 2026-05-24T22:47:47.891606975Z
1143	2026-05-24T18:47:47-04:00	info	op_leased	ocr-page-008	1	leased op
1833	2026-05-24T18:47:56-04:00	info	op_succeeded	ocr-page-008	1	op succeeded
1835	2026-05-24T18:47:57-04:00	info	op_leased	ocr-page-007	2	leased op
1959	2026-05-24T18:48:03-04:00	info	op_succeeded	ocr-page-007	2	op succeeded
1960	2026-05-24T18:48:03-04:00	info	op_leased	ocr-page-009	1	leased op
2317	2026-05-24T18:48:10-04:00	info	op_succeeded	ocr-page-009	1	op succeeded
2319	2026-05-24T18:48:10-04:00	info	op_leased	ocr-page-010	1	leased op
2679	2026-05-24T18:48:18-04:00	info	op_succeeded	ocr-page-010	1	op succeeded
2680	2026-05-24T18:48:18-04:00	info	op_leased	ocr-page-011	1	leased op
3099	2026-05-24T18:48:29-04:00	info	op_succeeded	ocr-page-011	1	op succeeded
3101	2026-05-24T18:48:29-04:00	info	op_leased	ocr-page-012	1	leased op
3476	2026-05-24T18:48:40-04:00	info	op_succeeded	ocr-page-012	1	op succeeded
3477	2026-05-24T18:48:40-04:00	info	op_leased	ocr-page-013	1	leased op
3549	2026-05-24T18:48:46-04:00	info	op_succeeded	ocr-page-013	1	op succeeded
3551	2026-05-24T18:48:47-04:00	info	op_leased	ocr-page-014	1	leased op
3911	2026-05-24T18:48:55-04:00	info	op_succeeded	ocr-page-014	1	op succeeded
3912	2026-05-24T18:48:55-04:00	info	op_leased	ocr-page-015	1	leased op
3962	2026-05-24T18:49:01-04:00	info	op_succeeded	ocr-page-015	1	op succeeded
3964	2026-05-24T18:49:01-04:00	info	op_leased	ocr-page-016	1	leased op
4324	2026-05-24T18:49:12-04:00	info	op_succeeded	ocr-page-016	1	op succeeded
4325	2026-05-24T18:49:12-04:00	info	op_leased	ocr-page-017	1	leased op
4374	2026-05-24T18:49:22-04:00	info	op_succeeded	ocr-page-017	1	op succeeded
4376	2026-05-24T18:49:22-04:00	info	op_leased	ocr-page-018	1	leased op
4676	2026-05-24T18:49:30-04:00	info	op_succeeded	ocr-page-018	1	op succeeded
4677	2026-05-24T18:49:30-04:00	info	op_leased	ocr-page-019	1	leased op
5034	2026-05-24T18:49:40-04:00	info	op_succeeded	ocr-page-019	1	op succeeded
5036	2026-05-24T18:49:40-04:00	info	op_leased	ocr-page-020	1	leased op
5306	2026-05-24T18:49:47-04:00	info	op_succeeded	ocr-page-020	1	op succeeded
5307	2026-05-24T18:49:47-04:00	info	op_leased	ocr-page-021	1	leased op
5396	2026-05-24T18:49:55-04:00	info	op_succeeded	ocr-page-021	1	op succeeded
5398	2026-05-24T18:49:56-04:00	info	op_leased	ocr-page-022	1	leased op
5760	2026-05-24T18:50:05-04:00	info	op_succeeded	ocr-page-022	1	op succeeded
5761	2026-05-24T18:50:05-04:00	info	op_leased	ocr-page-023	1	leased op
6103	2026-05-24T18:50:16-04:00	info	op_succeeded	ocr-page-023	1	op succeeded
6105	2026-05-24T18:50:16-04:00	info	op_leased	ocr-page-024	1	leased op
6507	2026-05-24T18:50:22-04:00	info	op_succeeded	ocr-page-024	1	op succeeded
6508	2026-05-24T18:50:22-04:00	info	op_leased	ocr-page-025	1	leased op
6842	2026-05-24T18:50:32-04:00	info	op_succeeded	ocr-page-025	1	op succeeded
6844	2026-05-24T18:50:32-04:00	info	op_leased	ocr-page-026	1	leased op
7295	2026-05-24T18:50:42-04:00	info	op_succeeded	ocr-page-026	1	op succeeded
7296	2026-05-24T18:50:42-04:00	info	op_leased	ocr-page-027	1	leased op
7773	2026-05-24T18:50:57-04:00	info	op_succeeded	ocr-page-027	1	op succeeded
7775	2026-05-24T18:50:57-04:00	info	op_leased	ocr-page-028	1	leased op
8217	2026-05-24T18:51:06-04:00	info	op_succeeded	ocr-page-028	1	op succeeded
8218	2026-05-24T18:51:06-04:00	info	op_leased	ocr-page-029	1	leased op
8314	2026-05-24T18:51:09-04:00	info	op_succeeded	ocr-page-029	1	op succeeded
8316	2026-05-24T18:51:10-04:00	info	op_leased	ocr-page-030	1	leased op
8681	2026-05-24T18:51:18-04:00	info	op_succeeded	ocr-page-030	1	op succeeded
8683	2026-05-24T18:51:18-04:00	info	op_leased	assemble-markdown	1	leased op
8684	2026-05-24T18:51:18-04:00	info	op_succeeded	assemble-markdown	1	op succeeded
8685	2026-05-24T18:51:18-04:00	info	workflow_updated		0	workflow status updated
